,ID,发表时间,满意度,评论
0,16391100344,2021-10-01 02:38:24,5,"很好的电脑，6999能得到5800h和3060的配置在今年简直不可思议，而且还是130w的3060
包装保护：很好，送到手上的时候八角尖尖，完美

外形外观：很厚实，稍微有些重，但是无伤大雅，个人还是能接受的
画面品质：奇美的屏幕，无坏点，很好
跑分评测：很好
运行速度：三星的内存和硬盘，加上5800h的加持，运行速度不会差
游戏效果：满血3060，无敌"
1,16385467612,2021-09-29 22:01:16,5,包装很好，测试正常，屏幕无亮点坏点，三星内存及显存，海力士固态，intel AX200无线网卡，奇美显示屏，耳机插拔声音切换正常，一等奖配置，6929完美下车，赞红米，赞京东！联网激活，国庆研究下MIUI+多屏协作，跟小爱聊聊人生！
2,16379338522,2021-09-29 00:00:00,5,包装很好，高端大气上档次！发货速度快，画面品质好，144Hz高刷，画面十分清晰，性价比超级高，16+512大内存，超级实用，跑分评测极高，运行速度很快，键盘有亮光，晚上开了护眼模式，真的很很舒服。性价比超级高的一台电脑，值得入手 ，不管是办公还是游戏都很棒！
3,16394341873,2021-10-01 15:15:12,5,非常满意的一台电脑。20号下定金30号拿到手。等了十天！没有白等待！！用了十年的小y可以退休了！新电脑打游戏很顺畅，散热也OK！对于我用了十年的老古董来说，边框粗？不存在的！屏幕差？透光？也不存在。。。总之非常得满意！期待redmi也使用十年！
4,16372070969,2021-09-27 16:06:28,5,笔记本真的很不错，本来看网上图片塑料感很重，但拿到手以后感觉完全不一样，那种厚重感很好，质感无敌，全色域高刷的屏幕，玩起游戏不要太舒服，键盘手感也很好，本身只玩lol，开到最高画质基本稳定在一百五，有时候两百多不知道咋回事，人物放大后细节必现，玩了两天无限火力，爽的一塌糊涂，最主要开到极速完全听不到风扇转的声音，屏幕无坏点，无漏光！完美
5,16389418147,2021-09-30 19:03:41,5,"很帅，真香啊，小米yyds，我看运行某大师跑分一百一十多万，真高，玩游戏帧数很高，并且风扇不响，对比其他机器，性价比高，
包装保护：除了运输的盒子坏了，里面装电脑的盒子完好无缺
外形外观：非常炫酷，机甲风
画面品质：不错的屏
跑分评测：某大师跑一百一十多万分开启独显直连相差不大，都是一百一十多万
运行速度：飞快，PS，千牛，等工作软件飞快运行
游戏效果：只玩了一局联盟，fps两百多，打团一百二左右"
6,16401735898,2021-10-02 19:29:06,5,"包装保护：稳妥，严实，标准包装。
外形外观：简约不简单，线条挺好，质感还可以。
画面品质：流畅清晰，144HZ屏幕，高刷新率，很舒服。
游戏效果：光追真香，帧数稳定，性价比之王。
运行速度：配置均衡出色，3060，给力。"
7,16381089669,2021-09-29 09:05:26,5,开箱比较惊艳，质感十足，目前开箱外观质量没有瑕疵，十分优秀很满意。我从6月份一直等这款新机，早起了会去站点自取的，刚拿到手上感觉分量实足。小米游戏本果然没让米粉失望哦。冲就完事了！
8,16390392901,2021-09-30 22:54:43,5,电脑很流畅，屏幕也很清晰，以前的旧电脑运行win11很卡，这个电脑就非常流畅，看来花钱了就有收获啊。内存硬盘都可以升级，三年以后加装个内存，应该又可以用好几年，不错不错?
9,16406945604,2021-10-03 22:28:44,5,"这台电脑是我好朋友强烈推荐的，当时特地定了闹钟专门蹲点抢的，很幸运能够以首发价抢到这台性价比超高的电脑，感谢朋友替我剩了好几百大洋。
包装保护：包装完好无损，京东小哥很负责，等我了十分钟到了验验货才走的
外形外观：外观炫酷，是我喜欢的颜色，而且这个键盘背光我超喜欢hh
跑分评测：测评的话还是超强的，比我以前华硕配置低的笔记本强太多了
目前正常使用因为工作比较忙，现在比较少使用，后期我再来追评"
10,16223094068,2021-08-30 14:17:50,5,配置很高。4G独立显卡，显示效果非常不错。玩游戏一点都不卡顿。看视频非常清晰，尤其是4K视频下简直就是亮瞎了双眼。英特尔i5处理器也是一款高性能的处理器，运行速度非常快。开机4s，给力，性价比非常高的一款游戏本。值得购买和推荐！
11,16372517111,2021-09-27 17:28:43,5,"外形外观：外形很酷，丑不丑就因人眼光而异了，但确实很重。
画面品质：144hz高刷屏，确实不错，要能上2K就更好了。
跑分评测：11260+3050火力全开跑分也很理想。"
12,16401499661,2021-10-02 18:39:19,5,"外形外观：还行，没想象的那么丑
画面品质：高刷还是不一样，玩游戏爽的多
跑分评测：122w分超出预期了
6999的3060，在这两年的大环境下，超值，拿到手就一个字：重，不过游戏本嘛都那样，插电源开机，配置看一看，三星内存，三星显存，海力士硬盘，极其满意的组合，跑跑分，预计120w左右，122w很好，玩游戏比原来的60hz屏强得多，暂时没发现啥问题，有啥问题后续追评"
13,16602064477,2021-11-08 21:11:53,5,"外形外观：机甲风很酷
跑分评测：鲁大师跑分115W
运行速度：3060满血，玩的原神，毫无压力
画面品质：高色域144HZ，比台机60HZ的显示器好太多了了"
14,14549909708,2020-08-20 01:35:43,5,"包装保护：包装看图就完了，很严实，完全没有磕碰
外形外观：外环精致，简单纹路，满分
画面品质：画质这里要主要说一下，简直是超清啊，爱了
游戏效果：特意下载吃鸡试了一下，无卡顿，不需要加速器，直接玩，完虐家里的台式
跑分评测：没来的及测
运行速度：运行速度，我个人觉得很不错，可能用的东西比较少吧，反正办公游戏我是够用了。
然后总结一样吧，总之就是很完美，超级喜欢，没踩坑，种草了！"
15,16359367216,2021-09-25 13:36:37,5,配置就不多说了，性价比非常高，买到就是赚到，使用体验好，小爱也很亲切，难抢是有道理的哈哈哈。物流非常快，打游戏很爽。
16,15806863160,2021-06-14 19:54:50,3,先打3颗星，过一段时间再看看
17,16382264712,2021-09-29 12:21:06,5,"包装保护：包装很好，很不错
外形外观：实物看起来还可以的
画面品质：流畅，很好
跑分评测：120w
运行速度：很快
游戏效果：完美运行各种游戏，爽歪歪
总结，小米yes&rsquos"
18,16369445868,2021-09-27 06:06:17,5,还可以，4G显卡很好，玩游戏不用说，快递两天就到这里了，速度没得说，下了很多游戏都可以完美运行，144hz的刷新率没得说，屏幕也很大，这个价格很好
19,16406521529,2021-10-03 20:28:32,5,"小米性价比绝了，包装好快递特别快，当天就到了,速度特别快，matlab2019只要8秒，显卡3060了今年最香的机子，处理器也绝了，三星的内存，海力士的固态，
包装保护：特别好
外形外观：最美A面
画面品质：绝了
运行速度：就是快"
20,16382424450,2021-09-29 12:50:00,5,"包装保护：非常好，很结实
外形外观：很有质感，满分
画面品质：1080p够用了，配合3060死飞
跑分评测：很牛
运行速度：流畅不卡
游戏效果：3a随便玩
总之非常满意的一次购物，以后还会来支持的"
21,16386811244,2021-09-30 09:42:09,5,三星内存和显存 海力士硬盘，非常完美的组合，除了屏幕有点漏光已经非常完美了，这个价格还要啥自行车，冲冲冲。
22,16393196058,2021-10-01 11:25:44,5,"游戏效果：游戏效果：满血 3060非常能打，可以流畅运行3a大作
运行速度：运行速度杠杠滴
画面品质：高色域用起来就是舒服
外形外观：在6999这个价位就是艺术品
包装保护：保护的非常到位，特别满意"
23,16236522945,2021-09-01 21:58:40,5,准备开学了要买笔记本去大学用，之前问了很多人，很多都推荐了这个，千挑万选后觉得买这个，配置也很好，玩游戏也很不错，挺值得入手。电脑性能好，外形美观也很不错，客服态度也很亲切，用了几个月再来评价一点问题没有，是正版正品。
24,16383309458,2021-09-29 15:19:47,5,非常的好，做工和散热都很不错，显卡支持独显直连，是75w的3050，已经很不错了。
25,16374173273,2021-09-27 23:25:26,5,小米游戏本已经收到，这个外壳就已经让我满意了，机械元素风格。配置也十分给力，同等配置下这个价格十分可以了。用起来不觉得卡顿，网速也很快。
26,16385425911,2021-09-29 21:49:32,5,"我爱京东，真的太香了 6999的3060 这下有电脑用了哦 开心 永远爱小米 爱京东 赞赞赞 太开心了 电脑性能非常强，噪音也不大，吃鸡最高画质可以跑满144hz
包装保护：简洁安全
外形外观：炫酷
画面品质：清晰锐利 色彩漂亮
跑分评测：性能释放拉满
运行速度：巨快"
27,16438762556,2021-10-09 19:35:44,5,好用，散热也不错，屏幕比15.6的看起来大，双面颗粒。首发价购入，五星好评
28,16387941109,2021-09-30 14:23:28,5,非常棒，物超所值。性能强大，重量可以接受，散热非常好，做工用料都可以
29,16403982809,2021-10-03 10:08:12,5,绝了，非常好，所有游戏都可以畅玩，配置高屏幕也好，首发无敌，一个能打的都没有，强烈推荐这款，抓紧时间入手啊！3060显卡厉害了? &bull?_&bull??
30,16397040804,2021-10-02 00:18:00,5,"包装保护：纸盒子很简介，
外形外观：机甲风格
画面品质：真香机
跑分评测：牛啊
运行速度：不错
三星加海力士，5800h+3060满血只要6999元 性价比无敌。"
31,16416098037,2021-10-05 20:31:16,5,"包装保护：保护的很到位，机子在里面很完整，没有受到任何挤压。
外形外观：外观很炫酷。边框也很窄，是我喜欢的类型。
画面品质：屏幕要是适合吃，还有16点一寸的大屏幕，非常的舒服。
跑分评测：跑分3060，还有这一颗cpu肯定很高。

运行速度：完美运行各种三a大作。
游戏效果：战地五实测能跑满144。"
32,14787767624,2020-10-23 14:58:03,5,"包装保护：炫酷特别好，包装完美
外形外观：一搬，可以接受
画面品质：画面很好
跑分评测：还没有跑
运行速度：很快
游戏效果：目前还在下"
33,16404451810,2021-10-03 12:03:50,5,性价比很高，机子外形硬汉，新锐龙8核，r7-5800，rtx3060满血配置显卡直连，香太香了，畅玩3a游戏，同价位目前无敌手了，大学生必备游戏本，年轻人第一本真香机。就看以后表现了。
34,16404582092,2021-10-03 12:39:11,5,"外形外观：实物看起来听厚重的，看起来并不廉价
画面品质：1080p的屏幕挺清晰的，看起来挺细腻的
运行速度：运行程序很快 LOL100多帧很流畅
总之首发价入手很赚"
35,16473689737,2021-10-17 08:31:13,5,"包装保护：非常好哇，8角尖尖毫无问题，快递非常好，快递小哥也是！
外形外观：非常符合自己的口味，到货没有任何问题
画面品质：很好的画面观感
跑分评测：100w?
运行速度：非常棒
游戏效果：我是小白，还不太会下游戏，以后再说"
36,16396766601,2021-10-01 22:58:46,5,"包装保护：包装很好，产品没有受损
外形外观：要啥自行车
画面品质：画面非常清晰，144hz非常爽
跑分评测：还没测，估计不低
运行速度：非常快
游戏效果：LOL小游戏，画质全开，帧率100以上
6999抢到真香，小米yyds
手机是小米
平板是小米
笔记本是小米
还差个小爱同学来当女朋友
?格局正好"
37,16243223065,2021-09-03 10:25:21,5,"超级喜欢
中年阿姨喜欢这种硬朗风的不多吧？
我曾经就在笔记本电脑加工厂上几年班，见过的都是普通造型的商务本比较多，这款一眼相中！
这外观，这配置&hellip不到5000，超值了"
38,15390688349,2021-03-07 10:02:06,3,有些小问题能给到这不错了
39,16361255454,2021-09-25 20:42:40,5,电脑超级好，首发抢的真的划算，这个价格和这个配置，要啥自行车，难道还不比泡水者，坚若磐石，傻多戴香么~爱了爱了
40,16064001712,2021-07-31 14:59:53,5,刚收到电脑的时候觉得外观不是特别满意，感觉是给男生用比较好，结果越用越香，哈哈哈哈，满意！玩游戏很流畅，
41,16389757836,2021-09-30 20:47:16,5,收到货，非常满意。包装严实。插电才能开机。硬盘是海力士的，内存是三星的，通电时间正常，显存是海力士的。显示屏是奇美的。除了外观逊色一点，配置给的很足，这个价位，十分有性价比了。
42,16387252832,2021-09-30 11:43:57,5,"6999性价比无敌！
外形外观：重是真的重，质感还行，外观没有想象中那么丑

游戏效果：最高画质玩巫师3，画面真的享受，爽歪歪；地平线4最好画质锁144帧，显卡都占不满

CPU温度是真的高，游戏时80多90多度，日常也有60，70多度；噪音不尖锐，还没我那把电风扇吵"
43,16408392874,2021-10-04 12:38:25,5,"包装保护：包装很好，外面有盒子。
外形外观：外观硬朗，很有质感！
画面品质：16寸屏幕，144HZ高刷，清晰度很好！
跑分评测：跑分很高，非常好！
运行速度：固态硬盘，速度就是快！
游戏效果：3060显卡加上独显直连，畅玩所有游戏。"
44,16359287911,2021-09-25 13:19:42,5,"一个字好，两个字很好，三个字太好了！哈哈&hellip&hellip

不愧是京东，当天就送到了，包装严实。
现今环境下有货就是王，这台电脑就是性价比之王，没有之一！真的是没有之一了！
5699非常值得！衷心地感谢你，让我买到了梦寐以求的宝贝，太感谢了！"
45,16389361892,2021-09-30 18:46:09,5,很轻松就买到了首发价，这个本配置很高。第一次用30系显卡，感觉非常的顺畅。玩游戏不用说了，非常的nice。观看原盘4K视频也毫无压力，非常舒服。虽然我自己买的是3050，但是还是比较喜欢3060，可惜没抢到，这算是遗憾吧。
46,16381542312,2021-09-29 10:22:53,5,配置很高，外观也很炫酷。满血3060独立显卡，显示效果非常不错。玩游戏一点都不卡顿。看视频非常清晰，尤其是4K视频下简直就是亮瞎了双眼。r7 5800h也是一款高性能的处理器，运行速度非常快。开机5秒，给力，性价比非常高的一款游戏本。值得购买和推荐!
47,16374329879,2021-09-28 00:23:39,5,"包装保护：包装低调，保护到位，很不错
外形外观：外形a面可以进行改进，并不需要如此花里胡哨，简单大方一些会让人更加喜欢
画面品质：高色域高刷的屏幕非常不错
运行速度：运行速度很快
游戏效果：完全满足了**常LOL和偶尔3a的需求
首发价格5699让我对这太电脑非常满意
希望小米能继续带来好产品"
48,15613962399,2021-04-29 06:19:50,5,笔记本电脑收到，包装很好，质量可靠，性价比高，实际使用流畅度高，开机速度快，外观高大上，运行速度平稳，按键灵敏，画质清晰，各项指标都正常，值得购买
49,16453261124,2021-10-12 23:35:28,5,"非常棒，性价比很高，包装特别好看，打派派、彩六、csgo、lol、原神这些都可以流畅运行，基本不会听见风扇声，还有小爱同学特别好用反应很快，就是打游戏会被舍友恶意叫出?
整体外观来说感觉有点厚重了"
50,16359331912,2021-09-25 13:27:54,5,"小米真的是价格屠夫，要配置有配置，独显直连功能也有，简直无敌！一个字好，两个字很好，三个字太好了！哈哈&hellip&hellip
不愧是京东，当天就送到了，包装严实。
现今环境下有货就是王，这台电脑就是性价比之王，没有之一！真的是没有之一了！"
51,16375848774,2021-09-28 10:55:46,5,"屏幕:144hz高刷＋高色域
内存:16g3200双通道，双面颗粒
硬盘:还算不错的硬盘
显卡:3050不是满血和满血差别不大，显卡直连好评
模具:个人审美，理工男感觉很赞
接口:有雷电，有USB3.2&times2等等，绝对够用

总结:机器没有什么比较大的槽点，对得起价钱，性价比很高，推荐购买"
52,16387369263,2021-09-30 12:19:27,5,"外形外观：外观很硬朗，非常有机械感
包装保护：包装完好，外面还包有京东的箱子。
画面品质：16寸显示器，非常喜欢。
运行速度：八核十六处理器，非常强劲。
游戏效果：独显直连，性能完美！"
53,16383797780,2021-09-29 16:30:01,5,redmi G 英特尔版机器很好 i5-11260H，可以吊打微星GF66的i5-11400H，机器也有独显直，双面8颗粒的内存（4BG），CPU单核性能也ok，游戏的表现也很好，机身整噪音不大，比那些暴拉风扇转速的机器感受好太多，C面的腕托区域温度也不高，屏的观感正常，使用感受层面，没问题。
54,16438997678,2021-10-09 20:35:41,5,"包装保护：打包很专业 厉害
外形外观：炫酷 适合年轻人 游戏党       不错了外观
画面品质：完美 清晰 对比度高
运行速度：挺快的 评测分数挺好的
游戏效果：没有卡顿 游戏画质清晰  完美"
55,15384913121,2021-03-05 18:35:40,5,1.小米，评价之前，必须说一下我的诉求：主要放在单位，用来办公，需要装多个专业软件、同时开多个应用、平时数据录入量很大，偶尔玩游戏，携带的时候少，所以选择了Redmi G，它的大屏、全数字键盘、软硬件配置、均衡性能等完美匹配我的需求，性价比之高无与伦比，当然，体积和重量是短板，但是对于我一个大老爷们还可以接受。2.京东，真的很强悍，真的是做到了多快好省，价格上同款比小米官网、体验店都便宜，快递上周四凌晨付的款、周五上午送到家，因为没有想到会那么快，当时有事外出不在家，快递小哥通知我到我赶回去，等了我至少15分钟，必须好评。3.后期评价，使用一个月吧，到时候再追评一次，希望对喜欢的朋友有用。
56,16406828504,2021-10-03 21:50:18,5,"包装保护：包装挺好的，要是外面能再套个大箱子就更好了
外形外观：外形帅气，没那种很浓的塑料感
画面品质：屏幕满分没翻车
跑分评测：跑分高，满血很棒
运行速度：运行速度快，再能加个内存就更好了
游戏效果：棒"
57,16383160303,2021-09-29 14:53:56,5,"包装保护：包的很严实
外形外观：外观巨帅无比
画面品质：144Hz屏幕，100%srgb，色彩饱满流畅
跑分评测：跑了119w分不知道什么水平
运行速度：R7-5800H，16G运存，运行速度没得说
游戏效果：RTX3060，6G显存，还有光追，游戏效果拉满"
58,16384616989,2021-09-29 18:43:31,5,最近一直在看电脑，看到红米这么高性价比就赶紧预约了，23号上午没抢到，下午捡漏了个。3050对于我足够了，使用了三天没啥问题，读写速度很快。屏幕些微漏光不影响。这个价格真的很香了。机子的颜值我是觉得还可以的。
59,16389343828,2021-09-30 18:37:38,5,"包装保护：包装完美，京东服务好，送货快
外形外观：颗粒风外观，年度最佳A面
画面品质：很不错，色彩屏幕都可以
跑分评测：娱乐大师随便看看
运行速度：海力士固态很香
游戏效果：这显卡游戏随便玩"
60,14645684962,2020-09-15 17:04:37,3,还没拆，先抽下奖，之后追评
61,16412502927,2021-10-05 05:30:23,5,"包装保护：好

外形外观：喜欢的
画面品质：优质
跑分评测：高
运行速度：快
游戏效果：好，喜欢"
62,16122404805,2021-08-12 10:25:16,5,"外形外观：不错。
画面品质：屏幕大，看的也舒服。电脑自身会有份量一点，不在意就没问题。
运行速度：开机之类的话都非常速度，运行起来不会卡。
游戏效果：还是很不错的，自配了机械键盘。玩起来还是很得劲的。
包装保护：很严密。

不是精通电脑的人，单纯觉得用起来可以。有活动加持，价格还是不错的。"
63,16363351997,2021-09-26 09:41:42,5,"包装保护：完美包装很结实，没有任何损坏。
外形外观：intel和上一代基本一致没有区别
画面品质：比上一代低配好，144hz真香警告。
游戏效果：3a大作基本可以中等画质以上流畅运行，较为满意。"
64,16357174655,2021-09-25 00:16:17,5,机器收到了，很强大哦，性能的确很满意，处理器虽然是11260但是毕竟是6核12线程的，不错。精雕的14**！显卡不用说，3050性能足够了，基本3a都能中高流畅，毕竟今年的3060价格不正常！目前这个价位，我觉得无敌。整体做工很好，接缝都很工整。很满意，5699这个价格无敌。对于大部分用户而言，说真的如果你真的需要一台笔记本的话，没必要上3060！因为你特别需要的话，在今年这个行情下，不如直接台式吧！
65,16395305927,2021-10-01 18:17:16,5,23号当天买的当天，作为轻度游戏玩家很友好，主要是性价比高，还没有发现什么问题。感觉很值得，小米家的产品一如既往支持，挑不明白无脑入，绝对值当！
66,16385916548,2021-09-30 01:58:43,5,"包装保护：包装挺好的，收到没有问题
外形外观：怎么说呢，绝对最美设计
跑分评测：娱乐大师124w可以可以
运行速度：打开软件或者玩游戏什么的都是非常流畅的
游戏效果：没有具体测试，据说打游戏也是很6的"
67,16371250525,2021-09-27 13:25:07,5,感谢京东首发抢到了，屏幕完美，键盘舒服，i5 3050的组合很强大，对于我来说完全够用，生产力利器。
68,16377091457,2021-09-28 15:50:36,5,"第一次买游戏本 很不错 很漂亮 使用感也不错性价比非常高 做工非常精致 值得购买
也不是特别沉 女孩子用也很不错"
69,16439083526,2021-10-09 20:55:09,5,6999的3060简直是今年最美A面，感谢小米在如此大环境还能有这么优惠的价格，整体非常棒，固态内存网卡都是顶级，性能堪比拯救者，除了屏幕下巴有点大，不过买到已经很满意了，开心!
70,16364026899,2021-09-26 11:50:51,5,听说小米的笔记本很不错，性价比也高，就买了一个看看，电脑质感很好，内存也够大，游戏起来很流畅，一点都不卡顿，真的超级好用，非常值得入手的一款高性价比笔记本呢，家里很多小家电也都是小米，而且也推荐了亲戚朋友使用，会持续关注小米
71,16395356503,2021-10-01 18:27:51,5,不错，笔记本做工很扎实，没有很松垮的感觉。塑料机身没有漏电的隐患，性能不错，性价比非常高，3060带1080p的屏幕足够了。
72,16398835677,2021-10-02 10:58:35,5,相信小米，提前盲定的看来是真香了，机器性能强劲，性价比炸裂，外观和散热都能接受，在日益恶化的主机和笔记本市场，红米g的发布可谓是一股清流，希望红米继续保持，我也会继续支持红米小米！（另外对于掉帧问题我也遇到了，更新bios后完美解决，具体方法见贴吧笔记本吧）
73,16432736682,2021-10-08 15:56:49,5,东西真的很好，生产力啊散热啊都是很不错的，外观我觉得是不难看的，性价比是真的高，让我们学生党也能用上3060真的感谢，机器用了很多天什么毛病都没有，很认可这台机器，很认可小米，祝小米越来越好！
74,16355614253,2021-09-24 18:09:24,5,运气很好，抢到了首发的Redmi G，虽然没买到3060，但本人不怎么玩3A，3050加i5完全够用，100% RGB FHD，首发价格真的良心了，现在正在用的Redmi K40体验很不错，希望这台Redmi G也能坚固耐用哦
75,16389748566,2021-09-30 20:43:43,5,红米游戏本在显卡疯狂涨价的现在性价比非常高，首发价抢到很高兴。电脑用了几天，速度快，不卡顿，屏幕显示效果好。玩游戏的时候风扇声音也不明显，比较安静。这个价格 ，这个配置，很满意！！！
76,16376053836,2021-09-28 11:39:50,5,非常好，首发价非常香，i5够用，rtx3050也够用了，并且支持独显直连，144hz高色域屏打游戏非常爽，日常浏览网页也很顺滑，唯一不足就是塑料机身，首发的价格还是比较好的
77,16393427545,2021-10-01 12:09:49,5,实物到了也没网上说的那么丑，完全可以接受，满血3060+高刷高色域，这个价位绝对是性价比首选。我这台是三星大礼包（硬盘+内存+显存），这台三星固态的跑分还打不过海力士的我也是醉了&hellip&hellip
78,16409621162,2021-10-04 17:37:08,5,十月一号凌晨8秒抢到的，以为会很粗糙，没想到拿到手远远超出我的预期，确实不错，主要是今年的市场行情，这个价格该有的都有了，没什么好挑剔的了，中间遇到些小插曲客服也都及时回复解决了。
79,16361219867,2021-09-25 20:35:40,5,"首发抢到的，5699是真的香，闻起来也是。
包装保护：包装很严实，下雨天外面还裹着一层塑料薄膜。
外形外观：和上一代一样，丑香丑香。
运行速度：运行流畅，到现在为止感觉很不错！"
80,16389615268,2021-09-30 20:02:49,5,笔记本包装可以。盒子没有破裂，开机十分快，做工也可以，玩游戏也很流畅，跑分挺不错的，画面画质也很好。
81,16364087871,2021-09-26 12:01:27,5,24号发的货，25号放假刚好就到了，完美的一天?哈哈。完美的到了，游戏跑的完美啦，够跑很多，性能足，显示还是不错的，多的起这个价格，性价比起飞。
82,16385758885,2021-09-29 23:38:24,5,笔记本收到了，作为忠实的米粉，感谢红米6999的独显直联满血3060。外观科技感十足，屏幕色彩很棒，做工精细，性价比很高，畅玩3A大作，非常推荐购买，性价比神机！
83,16385344927,2021-09-29 21:30:37,5,"包装保护：完好无损
外形外观：外形外观：这个价位还要什么自行车
画面品质：画面品质：144HZ高刷高色域电竞屏
运行速度：极速
游戏效果：优秀
期待了好久，今晚终于拿到手了。"
84,16354071272,2021-09-24 12:52:23,5,昨天10点20分下的单，今天就到了，快递速度真的给力！外观完好，画质清晰，5K的这个价位能买到 3050的显卡，还支持独显直连模式，简直不要太爽啊，我米YYDS！等我使用一段时间再来追评吧
85,16388338526,2021-09-30 15:35:06,5,6999的首发价买到3060满血加5800h，性价比很高，这个价格做工很好，屏幕也不错，这个价格没得说的，买到就是赚到。16寸的屏幕也不会显得很大，不错不错！
86,16379507894,2021-09-29 01:20:33,5,"外形外观：时尚，整体比较美观

画面品质：细腻，高刷高亮屏幕是真的舒服

跑分评测：1500000多万分，性能卓越
运行速度：开机几秒钟
游戏效果：3A大作流畅度很高。"
87,16441287826,2021-10-10 10:33:00,5,非常惊艳，非常强大，运行流畅，风扇几乎没有声音，完全没有问题，快递也很给力
88,16363681471,2021-09-26 10:46:20,5,**读大学，正好需要买台笔记本电脑，看到这款首发，就蹲点买，没想到就买到了，性价比很高，玩玩网游，完全够用，各方面都不错！值得购买！
89,16407123904,2021-10-03 23:45:23,5,"运行速度:锐龙5800h,太快速了
外形外观:&times外观,看起来太帅气了
屏幕效果:1080p,太细腻了
散热性能:双风扇,太凉爽了
轻薄程度:2.5cm,太轻薄了
这价格性价比无敌了！"
90,16367532126,2021-09-26 20:34:16,5,"笔记本很nice~发货超级快第二天下午就拿到机器了！
外观机械感简介内敛，性能不用说一级棒！非常满意
接下来小米G就要陪伴我征战大学四年啦！"
91,16360650722,2021-09-25 18:42:46,5,心心念念RedmiG总于到手了，太激动啦！外观全黑非常有范儿，16寸大屏游戏尽在掌握，独显直连这价位买到就是赚到要啥兰博基尼，太香啦！相信小米相信雷总，这电脑毫无缺点可谈，完美完美。144赫兹高刷，还有谁？这价格爽歪歪。
92,16364322052,2021-09-26 12:39:22,5,"包装保护：包装很好，京东物流放心
外形外观：美观时尚，作为游戏本还是可以的
画面品质：画质不错，比我旧的好多了
运行速度：流畅没得说
游戏效果：显示效果好，可畅玩大部分游戏

第一次买小米的本，多使用看看再反馈。"
93,16353656654,2021-09-24 11:21:44,5,"包装保护：包装保护的很好，没有缺失的地方
外形外观：外观很炫酷，a面很好看
画面品质：屏幕素质很好，高刷很实用
运行速度：运行速度飞快
游戏效果：玩游戏足够了，很满意
跑分评测：跑分特别高。"
94,16402012373,2021-10-02 20:24:39,5,到货了，性价比高，三星显存，三星内存，海力士硬盘，ax200网卡，算是非常不错的硬件了，好评！
95,14615380936,2020-09-07 13:35:56,5,"包装保护：套娃包装，外面一个良品铺子包装
外形外观：外形机甲炫酷，男生很喜欢
画面品质：画面清晰，但是屏幕素质感觉一般
跑分评测：还没有跑分，使用很流畅
运行速度：基础游戏秒开，毫无顿挫感
游戏效果：试玩了QQ飞车，LOL，CF，感觉很好，比旧机子好太多了
总体来说，我这个入门版，性价比很高，可以应付日常各种需求，偶尔玩一下大型游戏也不会太拉垮，续航能力一般，不过我一般都是插电使用，大家可以按需选择。"
96,16383762240,2021-09-29 16:25:27,5,"包装保护：包装的很严实，外面裹了一层膜。
外形外观：很炫酷，有种机甲风。
画面品质：画面很精致，虽然1080p，但是很清楚。
运行速度：很快，非常满意。
游戏效果：畅玩无压力。"
97,16409770816,2021-10-04 18:09:07,5,小米笔记本收到了，太惊喜了，质量非常好，性价比很高，真是出乎我的意料！5699到手，买到的都是幸运者，红米笔记本真香，运行速度不卡顿，现在的行情下无敌了。特别满意，好评必须好评。宝贝物超所值，很喜欢，下次还会来的
98,16351887178,2021-09-23 22:24:20,5,"包装保护：笔记本本身包装很结实。
外形外观：外观炫酷大爱，质感好好
画面品质：画面清晰通透，品质不错。
跑分评测：跑分这个性价比已经无敌了。
运行速度：非常的流畅游戏基本都能胜任
游戏效果：满足我自己所有的游戏需求。非常满意的一款游戏本。
感觉不要太幸运首发5699价格就抢到了。舒服，真香。。"
99,16374053710,2021-09-27 22:49:57,5,"东西很好。收到很满意性价比很高。很喜欢。运行速度很快。看电影玩游戏都不错。如果能更优惠些就更完美了。。。
外形外观：不错
画面品质：很好
运行速度：很快
游戏效果：不错"
100,16361659084,2021-09-25 22:02:30,5,电脑很棒啊，虽然外表不太好看，但耐不住它只要5699，性价比超棒，玩游戏也很流畅，特别是16.1的屏幕，比我之前用的小米air13.3好太多了，支持红米。
101,16371115037,2021-09-27 12:55:03,5,非常不错很满意，近期想换个笔记本，但是今年价格涨的飞起，一直没有合适的入手。看到这款出来之后我感觉各方面都合适，红米毕竟出过一代游戏本，没发现网上说出现过什么大问题，一代算是中规中矩，这款二代就是雷总跟大家交朋友的，快发布的时候贴吧全是讨论的，关注度非常高，价格出来之后算是目前性价比高的了，算是个不二的选择。屏幕非常不错，大而且高色域很清晰，显卡和处理器对我来说够用了，还有高刷，我玩游戏不多，试了一下方舟完全没问题。算是该有的都有了，没有什么不足的地方。
102,16281327938,2021-09-10 14:32:21,5,孩子马上要去外省读书了，特意提前把笔记本买了回来，因为手机一直都是在用小米系列的，都没有出现过质量问题，所以多红米这个游戏本还是很有信心的，用了一段时间，整体效果不错，运行各种程序游戏都很流畅
103,16406818039,2021-10-03 21:48:26,5,"包装保护：包装倒是没啥问题，外面居然没箱子，只有保鲜膜裹着
外形外观：外形帅翻6999我直呼设计天才，香爆
画面品质：屏幕完美没翻车
跑分评测：跑分猛3060满血名不虚传
运行速度：运行速度很快
游戏效果：我直接起飞"
104,16384781068,2021-09-29 19:18:31,5,意外的惊喜，虽然塑料机身，但是质感还不错，包装的很好，很严实，这个价位我愿称之年度最美设计。检测完毕，成功下车，雷总大卖
105,16404442437,2021-10-03 11:58:22,5,"【优点】性价比高，完全可以满足我的游戏需求
性能强，用起来很丝滑，144hz高刷，3050独显，超强的散热。
【缺点】塑料机身
【总评】5699元冲的，很值得买！"
106,14626683146,2020-09-10 14:11:55,5,"包装保护：快递包装一如既往，京东快递就套了张塑料快递袋；不过好在电脑自带的包装很严实，里面的电脑通过塑料泡沫包裹。提个建议:大家一定要看清楚箱子的胶条，拆封过的胶会残留在箱子上，就可以知道是不是退的。
外形外观：外观见仁见智，我觉得偏硬朗的机甲风，边缘棱角分明，纯黑的外观我很喜欢；接口比较齐全。有个缺点:屏幕下方的logo太大，希望可以去掉或者改进
画面品质：屏幕色彩饱和度很好，看照片很艳丽，拿来剪视频、绘图也不错
跑分评测：这个价位，配置很均匀，十代i5+gtx1650+16G的搭配很好，性价比爆棚
运行速度：16G的内存很快，同时也可以运行挺多的程序
游戏效果：这个配置玩网游完全不会吃力，即便是3A大作，在中画质下，基本也能满60帧运行。"
107,16443827032,2021-10-10 19:04:54,5,电脑是全新的，第一次开机都是要接电源开机激活，是正品没错，忍不住下手买了，好在没让自己失望，玩游戏毫无压力，有些游戏对显卡要求不高的，散热毫无压力，坦克世界最高画质也是毫无压力，打了几个小时电脑都不怎么热，稳定输出，真心喜欢，快递也很快，很满意
108,14587370087,2020-08-30 18:42:45,5,"包装保护：外观保护的很好，在包装盒外面又套了一个盒子。
外形外观：外形纯黑色，有机械感，棱角鲜明。键盘全尺寸，触摸板相对较大。
运行速度：运行流畅，跑分不准确，因为在开着别的软件跑的。
画面品质：画质鲜明，网上查的sRGB要比%72色域更好点。散热很好。"
109,16356235658,2021-09-24 20:36:41,5,"包装保护：这个外包装特别结实，开包装费了点劲，不过很开心。
运行速度：简单试了试觉得没问题就激活了。
我是为了玩荒野大镖客买的这个游戏本，现在还在下载，等我下载完再来补评论"
110,14618269731,2020-09-08 09:52:15,5,这款电脑非常好，本来以为大塑料质感不会太好，没想到质感把控非常到位哦，外观漂亮，很喜欢（照片拍不出来实物的质感）。打开操作了一下，屏幕完美，操作也非常顺滑，比我旧电脑顺滑多了，内存又如此大，玩游戏应该帧数很高。
111,16378615468,2021-09-28 21:16:30,5,性价比非常高的一款笔记本电脑，硬件搭配的非常好，配上144Hz的屏幕刷新率，玩游戏更加顺畅，内存跟硬盘也非常不错，能够玩所有的大型游戏了，趁首发搞活动抢到了，一如既往的支持Redmi，加油！
112,16364903851,2021-09-26 14:07:46,5,新手小白，第一次买电脑真的是什么都不懂，开机大概玩啦一下挺不错的，也很流畅，不知道后面怎么样，手机也是红米的，买的时候直接就考虑到啦红米笔记本。
113,16360741084,2021-09-25 19:03:19,5,系统是w10，我也是第一次用w10，中间出现了一些小插曲（个人原因），但无伤大雅，还有小米手机要想与电脑MIUI+互动，记得一定要MIUI12.5， 虽然mi官方膜破了，但里面的电脑都是未激活的，值得购买，电脑的外观很漂亮，帅气吧，游戏运行很流畅，打原神，英雄都很好，主板也不算热，京东物流也很快，很给力，好评了！
114,15680993432,2021-05-16 21:50:38,5,好评！全网价格最低，性价比第一！刚拿到电脑的时候爱不惜手，，虽然是低配的版本，但是完全够用了，开机速度很快，载入游戏的速度也很快！同时开几个游戏，和网页浏览，还有开视频都没有卡顿，3个模式下，我喜欢用节能静音模式，完全够用！测试了模拟器玩qq飞车载入游戏，全速和节能模式比较相差4秒左右。比起我的台式机9代I5-9500还要快和流畅，完全超越了台式机的感觉还有画面很清晰，不愧是独立显卡，屏幕设计的高度也很好用起来很舒服，比起我之前的14寸红米笔记本好多了，14寸的小笔记本看得脖子很疼，总要低头。然后红米G能一口气开了10多个小时来玩电脑都没有异样。按键也很舒服，超喜欢它的全键盘配有小数字键盘。然后电量方面，毕竟是16寸，在我的*控下电池可以用2个小时左右，一般都是插着电源来用的。最后有一点就是摄像头的位置很别扭，对方看我的话是仰视的效果，要是设计在顶部会更好一些。音响方面，音质勉勉强强吧，我的华为平板音质比它好些，也不能要求太高了，毕竟是台笔记本，我习惯用耳机。重量感觉也没有太重2-3公斤完全可以接受。希望耐用，可以与我并肩作战好几年！配合miui+无敌了
115,15806447839,2021-06-14 18:09:36,5,好评，京东物流是真快，两天就送到，电脑包装很好没有问题，但是为什么要用那么大的纸箱装。。优惠价4770买的，没去年双十一优惠大，电脑有些软件得升级，比如说小米感应钥匙，用我的小米手环6连了半天都不显示，最后升级之后好了，电脑鲁大师跑分30多万分，下了QQ飞车，很流畅。这个小米互联很好用，手机连上之后图片视频文件直接就转移到电脑了，很便捷，画面很清晰，没有什么漏光坏点什么的快捷键三种模式静谧均衡全速（插上充电器能用），总体来说好评，希望京东不要给我搞什么花里胡哨降价什么的，要是在保价时间之后就降价那可真就臭了。
116,14558925233,2020-08-22 16:37:47,5,"包装保护：包装完好，具体详见附图。
外形外观：外观设计新颖，笔记本电脑A面纹理设计颇具时尚感，B面无边框屏幕使屏占比更大，C面键盘打字很有力度，手感很好！
画面品质：高清屏，显示效果一般。
跑分评测：未用鲁大师进行跑分评测，后期补上。
运行速度：开机速度非常快，3秒进入系统。
游戏效果：未玩游戏，后期再进行评论。"
117,16361822025,2021-09-25 22:41:29,5,"性价比极高的游戏本，首发抢到就是赚到了。

拿到手以后，感觉比以前买的笔记本都要重，给人很厚实的感觉。各功能部件很完善，右侧两个usb3.2的接口，左右各一个排风口，前方两个，设计很合理。右侧还有一个雷电接口，充电扩展都可以了。

智能升级，可以唤醒小爱同学，语音控制更方便。三种运行模式随意切换，感觉均衡模式够用了。小米游戏盒子打开后可以直观的看见cpu显卡内存等重要部件运行情况。可以显卡直连，不过需要重启。

屏幕分辨率很清晰，刷新率可以144和72两个切换，16.1的大屏幕，设计看剧游戏都很爽。

总得来说，首发价位买到绝对物超所值！"
118,16381493774,2021-09-29 10:15:22,5,"包装保护：无磕碰很完整，京东快递值得信赖
外形外观：A面外观一般，6999要啥自行车
画面品质：144Hz 100%sRGB 亮度是个槽点
跑分评测：很好，鲁大师120w+
运行速度：流畅
游戏效果：满血3060+独显直连 流畅运行3A大作"
119,16412751969,2021-10-05 08:04:45,5,首发价抢到的很香，鲁大师测过，硬件都不错，三星内存和硬盘，玩游戏很流畅，美丑见仁见智，我觉得挺好看的
120,16439410020,2021-10-09 22:16:52,5,"宝贝已收到，是我想要的，手感很好，质量也挺好，有问题客服也很快就解决了，态度非常好，一定好评！精挑细选很久?，最后决定买这一款?，到货后果然没有让我失望，实物很漂亮?，做工很精细?，特别满意?
包装保护：非常可以
外形外观：非常轻薄
画面品质：非常清晰
跑分评测：还可以
运行速度：很快
游戏效果：还没有测试"
121,16587668595,2021-11-06 17:58:15,5,"跑分评测：鲁大师实测一百多万分，超越全国90%的电脑。毕竟英伟达3060的显卡，顶级的处理器，16G的运行内存，512G的固态硬盘。

运行速度：在这样的配置下，运行非常的流畅。"
122,16587204497,2021-11-06 16:48:37,5,"包装保护：保护的很好，有四个泡沫气垫保护
外形外观：外观很霸气炫酷
画面品质：非常清晰，144hz非常丝滑
跑分评测：娱乐大师跑了一百多万，就图一乐
运行速度：非常快
游戏效果：3060大型3a随便玩的"
123,16423690646,2021-10-06 22:06:39,5,"包装保护：包装完整无破损。
外形外观：比较厚重，毕竟是满血3060
跑分评测：三星显存，三星内存，海力士固态，ax200网卡，完美！"
124,16355893483,2021-09-24 19:09:38,5,对于5699这个价位 红米笔记本配置很高了。4G独立显卡，显示效果非常不错。只要不玩大型3A还是很丝滑的。大型3A调调画质也做得到60帧，英特尔i5处理器也是一款高性能的处理器，运行速度非常快。在目前这个笔记本疯狂溢价的时间点上红米堪称性价比之王，值得购买和推荐！我已经迫不及待开始玩游戏了。
125,16399268273,2021-10-02 12:20:18,5,"包装保护：包装盒子还套了一个大京东盒子和泡沫，机器箱子完好无损

外形外观：外壳塑料材质但这个价格还要啥自行车，而且键盘布局极其好评全高方向键，WASD也有特殊处理
画面品质：高色域加电竞屏7000档无敌
运行速度：内存和固态也不是杂牌子的很良心，寿命长
游戏效果：满血130wRTX3060还支持独显只想说无敌，永劫无间我跑到200多帧，所有3a大作1080p全高画质随便玩，打不了开个dlss舒舒服服跑到60后续还会继续追评"
126,16394528234,2021-10-01 15:50:25,5,"太高兴了 红米g 3060游戏本 终于买到了 真的很喜欢
性能释放非常给力 各种3a大作也毫无压力 16寸高色域屏幕很好 速度很快很满意666！"
127,16596636543,2021-11-08 00:39:08,5,"包装保护：包装保护还行，电脑包装可以，就是京东快递包装的不太好，没给泡沫
外形外观：电脑外形硬朗，外观好看
画面品质：画面质感还可以，16寸非常好
跑分评测：跑分60多万旧版非常好了
运行速度：很快，固态不错三星的
游戏效果：很流畅的高画质"
128,16603075825,2021-11-09 01:56:57,5,很不错 玩起来很流畅 就是温度贼高 动不动90+ 键盘好烫
129,16407175727,2021-10-04 00:11:21,5,"包装保护：外面包裹的很结实，电脑没有任何损坏
外形外观：外观不错，a面很好看
画面品质：画面很绚丽，高色域屏幕很棒
跑分评测：跑分很高，各方面都没有短板
运行速度：速度飞快，干什么都不卡
游戏效果：玩游戏非常合适，很满意"
130,16180737635,2021-08-23 08:32:31,5,"看了好久也对比了很多品牌，最终还是选择小米，相信品牌的力量！
作为游戏机，外观超级喜欢，不浮夸，不张扬，黑色沉稳大气，各种配置都是好的，高清域分辨率更高，视觉更享受，适合学生党！
价格实惠性价比这么高，超级超级喜欢?"
131,16390025375,2021-09-30 21:43:54,5,"包装保护：很厚实，一点没有问题
外形外观：很好看，6999天下第一
画面品质：1080p足够了，色域很准
跑分评测：131万牛的
运行速度：快
游戏效果：非常完美"
132,16524233816,2021-10-26 23:20:05,5,这个价位的机器选了很久，最后选了机械系这款，主要是看上了这台笔记本的超薄和窄边框，拿到货也确实没有让我失望，机器外型非常漂亮，键盘带有背光的，但是按键有点松个人之前都是用比较稳实的键盘所以还有点不适应，用了鲁大师跑分27万多，性能非常好，试玩了吃鸡，2k等几个大型游戏特效全开无压力，所以使用体验还是很满意的，有些软件找客服要客服也很快反馈了，这个要点赞一下，最后就是那个16g读内存的那个我还没用出来有什么特别，总体来说很满意。
133,16396373463,2021-10-01 21:50:32,5,"包装保护：包装完好
外形外观：外形还可以
画面品质：屏幕高刷很舒服
跑分评测：性能非常强悍
运行速度：开机速度很快"
134,16376315340,2021-09-28 12:46:32,5,经过不懈的努力，首发抢购到，做工精良，速度相当快，画面细腻，键盘及触摸盘手感舒适，为小米点赞。强烈推荐给大家。
135,16371939266,2021-09-27 15:40:23,5,"包装保护：包装完好无损，很不错
外形外观：外观大气漂亮，机甲风格，很硬核
画面品质：画面显示清晰，144hz很不错
跑分评测：跑分破百万，性能很好，运行流畅
运行速度：速度快，开机5秒
游戏效果：游戏帧率高，画质也不错"
136,16374059916,2021-09-27 22:48:52,5,"包装保护：包装的很好，性价比很高，首发买的就是香
外形外观：还不错的机甲风吧，大部分游戏不开光追都可以高画质玩一玩
跑分评测：还没跑
运行速度：很快很好，玩可以跑满144真不错"
137,16374125213,2021-09-27 23:09:18,5,真的太幸运了，能够抢到这个。想买台笔记本很久了，奈何其他几家的笔记本价格太贵了，终于，红米出了一个这么便宜这么实惠的笔记本，能够抢到太好了。笔记本已经试用了，非常好用，性能超级好，长的也好看，是我喜欢的样子，用起来非常棒，键盘敲起来也很爽，屏幕显示很棒，相当的nice。
138,16386457183,2021-09-30 07:03:03,5,"包装保护：一个纸箱

外形外观：2021最美游戏本。
画面品质：144刷新率非常流畅。
运行速度：8核16线程cpu 16g内存512固态，非常的快。
游戏效果：畅玩所有3a大作。"
139,16357199107,2021-09-25 00:36:01,5,收到货就迫不及待打开了，迎面扑来两个字&ldquo真香&rdquo?，立马安排游戏测试，运行流畅，画质nice，外观炫酷，还是首发价，舒服。总结就是两个字&ldquo超级香&rdquo性价比拉满，喜欢的小伙伴可以安排安排?
140,16361133276,2021-09-25 20:20:34,5,很棒的本 这个价位无敌 独显直连这个价位除了拯救者就只有他 屏幕不错 硬盘海力士 内存也是海力士 总的来说物超所值 毕竟5699还要什么自行车
141,16424364849,2021-10-07 01:11:21,5,很满意了，屏幕漏光可以接受，现在这个阶段这个价格买的到，红米还是很良心了，冲就对了。
142,16364959929,2021-09-26 14:16:58,5,感觉外观也没那么丑，我感觉还挺酷。miui+基本0.3左右延迟，日常使用非常舒服，性能释放的话同配置也算是中等偏上了，主要的配置没有任何缩水！强推.6000也强推?
143,16531565210,2021-10-28 15:00:15,5,帅气的样子太喜欢了，高颜值游戏本，性价比超级高，良心小米可以的，预售抢的，太合适了，开箱小伙很激动，机械感十足！运行速度快，同配置超值，可以入手
144,16400065143,2021-10-02 14:51:43,5,"包装保护：外面的箱子一般般，好在里面的箱子没有什么事情。
外形外观：不说了，年度最佳a面。
画面品质：1080p能看
运行速度：非常快，非常满意。
游戏效果：满血3060懂得都懂。"
145,16390601947,2021-09-30 23:56:03,5,"包装保护：很好
外形外观：一般
画面品质：很好
跑分评测：完美
运行速度：完美
小米游戏本，性能很棒，价格便宜！"
146,16401584290,2021-10-02 18:55:11,5,"包装保护：包装可以，京东快递新得过，没有破损
外形外观：外观大x很好看，朋克风
画面品质：屏幕画质很好，观感不错
跑分评测：这个没测试过
运行速度：反应速度挺快的，144hz
游戏效果：没玩过"
147,16372449501,2021-09-27 17:16:15,5,"包装保护：包裹的塑料膜，里面完好，京东送货就是快
外形外观：塑料的机身，刚性还不错，不及金属，但也是很高大上的塑料壳
画面品质：16:9的高刷，lol很舒服
跑分评测：娱乐大师40w很强了，散热中等偏上，很棒足够用了，只卖5699要啥自行车，今年还是显卡荒"
148,16366784279,2021-09-26 18:46:20,5,这电脑简直太爱了 这价格 这配置 绝对今年神机 我平常是弱度游戏 我玩的那些游戏完美带动 丝滑的很 价格实在是太太太香了 小米果然不让我失望 yyds 以后我将会是忠实的米粉 快递包装也特别严实 好评
149,16382202588,2021-09-29 12:10:26,5,"心心念的锐龙5800+3060，配置可以，散热也挺好，这配置玩3A挺能造，工业软件也能完美运行，只能说AMD yes
包装保护：两层包装
跑分评测：119w跑分，性能可靠
运行速度：无延迟，速度挺快的"
150,16355140515,2021-09-24 16:32:19,5,"包装保护：保护非常到位
外形外观：外观低调有内涵，没有乱七八糟的颜色，只有黑色，很喜欢
画面品质：画面可以，可视角度不错144hz
跑分评测：跑分挺好，和1060 差不多了
运行速度：开机什么的都很快喜欢
游戏效果：还没有打游戏，"
151,15234507672,2021-01-22 16:48:35,3,还算可以吧。这个价位的只能这样了。
152,16366395585,2021-09-26 17:41:26,5,"包装保护：包的很好，没有变形
画面品质：性价比非常高，屏幕很好
运行速度：运行速度非常快，京东买有保障
跑分评测：很多博主测试了，性能释放非常高
外形外观：外观在5699下还要啥自行车，哈哈哈哈
游戏效果：打打网游没问题，我之前15年的950神舟都还能玩腾讯全家桶"
153,16385882551,2021-09-30 01:10:32,5,"本子非常香，性价比极高。
包装保护：很好
外形外观：最美A面
画面品质：高刷杠杠的
跑分评测：分数很高，如下图
运行速度：非常快
游戏效果：很好，稳定帧数"
154,15859183730,2021-06-23 19:33:09,5,电脑收到试了一下感觉很好   流畅性电脑速度都不错比我台式感觉还要快  价格也很到位游戏本这个价格可以了
155,15623001127,2021-05-01 18:17:13,5,给小孩上大学买的笔记本电脑，选了好久最终下单红米G游戏本。首先感觉是价格相当优惠，性价比高，收到货后进行了一些简便设置运行，运行速度相当流畅，清晰度高，整体相当不错，希望经久耐用。你值得拥有的入门游戏本&mdash&mdash小米G
156,16385263691,2021-09-29 21:10:15,5,红米g游戏本yyds 锐龙5800h gtx3060满血版 内存4bg双面颗粒 独显直连超高的配置超低的价格！！！！真的无敌了，这谁还买别家涨价的货阿 红米g神！！
157,16395063182,2021-10-01 17:30:32,5,非常棒的产品，性价比超高，吊打同价位其他厂商。满血3060，5800h，海力士固态，科赋内存，跑分超高，游戏体验很好，就是需要先更新下bios ，要是风扇转速可调就更好了。
158,16385480369,2021-09-29 22:05:53,5,"一个字，香！
京东物流就是快！
很庆幸自己能抢到首发，到手很喜欢，外观虽说没有那么华丽，但是价格和性能都很实在。不说太多了，首发太香了。"
159,16227041377,2021-08-31 11:41:40,5,画面品质：画质很不错，超值得，开机很快，没有声音，运行很快，性价比很高。全五星好评，京东自营店就是快，一天就到了。
160,16394401252,2021-10-01 15:28:18,5,电脑收到了，性能真的很满意，处理器是i5-11260比我之前的电脑强太多了不错。显卡3050性能绝对够，大部分网游都可以高画质高帧数运行高，大型单机游戏也可以中画质流程运行，我很满意
161,16586531627,2021-11-06 14:57:14,5,真香警告，电脑非常棒，奇美的屏幕 海力士固态 三星内存 完美下车 建议到手把系统和BIOS都更新一下，电脑就非常快了，开机5秒，开独显，LOL一直稳定在240。
162,16384804062,2021-09-29 19:19:48,5,"跑分评测：没跑

运行速度：感觉不错

游戏效果：lol非常静音

外形外观：个人干净还可以

满分100的话感觉可以给到85-90"
163,16415961915,2021-10-05 20:05:34,5,"电脑运行速度很快，这次小米下料很足，因特尔的网卡，三星的内存，海力士的固态硬盘，稳稳地第一梯队!
144hz配100％色域显示屏观感很棒，包装箱内包裹了塑料泡沫框架，运输也更安全，游戏性拉满，90wh的电池续航给力，明明游戏本，不插电不打游戏也能保证5小时以上的亮屏使用，锐龙r7+rtx606光追显卡通吃目前市面上的所有游戏，性价比首选!
这次小米是吧好钢用在刀刃上，除了外观一般，做工中距中规，用料上甚至比更高档次的游戏本用料更棒。
type-c接口完美兼容65w/100wpd充电器，以后出门只带一个充电器也更方便"
164,16439376836,2021-10-09 22:05:36,5,首发抢到，这价格没话说，太值了。六核，大屏，高刷，独显直连，小键盘都满足我的需求。全塑料，分量重，大下巴这些问题我都比较无感，所以刚出来的时候我就关注上了。
165,16392536734,2021-10-01 09:14:48,5,"包装保护：包装非常完美
外形外观：外形帅气，很满意
画面品质：高刷高色域屏幕，很舒服
首发价格是真的牛，太爱了。红米yyds
跑分评测：鲁大师可以跑130w分。挺满意的"
166,16363170968,2021-09-26 09:03:37,5,"速度非常快，买了不会后悔，爱了爱了，
包装保护：保护严实，京东物流很棒
外形外观：帅气大气很cool
画面品质：显示效果很好
跑分评测：分数挺高的可以可以
运行速度：完全不卡，很不错"
167,16395994729,2021-10-01 20:41:02,5,"准点抢购的，小米新出的游戏本，这个价格还是非常香的，目前已使用一星期，感觉良好，物美价廉
包装保护：包装很到位
外形外观：很酷
画面品质：显示器效果不错，好评
跑分评测：跑分110w左右"
168,16431640731,2021-10-08 11:37:35,5,真香，硬件完全没有问题。其间出了一点点小问题，是软件不兼容，后来自己就搞定了，很棒！京东客服也很负责任。笔记本用着很流畅，这回是赚了！
169,16388684988,2021-09-30 16:36:00,5,"包装保护：包装还行，盒子包了一圈
外形外观：外形炫酷硬朗
画面品质：高刷屏很流畅
跑分评测：跑分还没跑
运行速度：速度非常快
游戏效果：游戏通吃，无脑开全高"
170,16408479866,2021-10-04 13:02:30,5,"包装保护：包装保护：快递保护得很好。
外形外观：外观在这价格下就是最美。
跑分评测：跑分是一线3060笔记本的跑分。
游戏效果：目前在1080p下玩游戏无压力，风扇转速拉满。"
171,16401833403,2021-10-02 19:48:12,5,"玩游戏卡更新bios就好了，桌面上的使用手册上有。

太香了，包装很用心，物流很快。
玩游戏非常丝滑！再也不用担心卡成ppt了！
无坏点，配置相当不错！一等奖！
6999性价比高！外观问题还有一些小毛病都可以忽略。
混了几个月的笔吧，终于安全下车了！
缺点是特效拉满风扇声音有点大，小问题。

还是非常香的！?"
172,16387977446,2021-09-30 14:31:31,5,"包装保护：很好
外形外观：不错
物流很快，电脑也很不错，运行流畅，6999的满血3060，真的可以了"
173,16407496688,2021-10-04 08:15:20,5,抢到首发啦，6999的价格在目前这个市场的情况下，是特别香的，满血3060，独显直连，小键盘，可以说是该有的都有了，首发这个价格比较值得购买的，A面换了颜值见仁见智
174,16366073410,2021-09-26 16:52:52,5,"电脑不错，运行流畅。外观还可以比较能接受的。运行速度和内存都能满足我的需求。期待这电脑以后的状态了。 
最后好评一下快递小哥，服务态度非常好。"
175,16360575471,2021-09-25 18:24:08,5,"包装保护：不错不错。外面用了气泡袋保护。里面包装还有泡沫。
外形外观：毕竟酷，虽然还是上一个代的a面。但是依旧很酷
画面品质：不错的画面。还有144hz。玩csgo这种游戏有优势。
跑分评测：暂时没下载鲁大师。
运行速度：速度不错，很快。
游戏效果：暂时没下载游戏"
176,16384637403,2021-09-29 18:49:22,5,"首发价格抢到就是赚到，机器到手确实很香，Redmi冲冲冲
包装保护：很好
外形外观：最美a面
画面品质：好1080p144hz
跑分评测：好
运行速度：快5800h很快
游戏效果：快3060很好"
177,16386445879,2021-09-30 06:57:21,5,昨天到的货用了一下，很不错。3060满血独显直连散热都有这价格是杀疯了。a面真的是 最美a面 战五年?
178,16381230097,2021-09-29 09:32:01,5,"从没上市就开始关注了，这次终于抢到手了！ 
这款本本做工精美，高端大气上档次。
收到货立即开机测试，屏幕色彩纯正艳丽，性能强劲，就知道实力不凡！
玩游戏，专业作图性能都是杠杠的！"
179,16385759135,2021-09-29 23:41:46,5,简直太好用了，只能用完美来形容！强烈推荐！完美，产品很惊艳，性价比合适，希望用的长久！
180,16403526812,2021-10-03 06:59:57,5,入手满1天，实在没忍住~没测机直接联网激活，激活测机后也没啥问题，刷了很久的游戏本购买攻略还是Redmi性价比更高一点，参数上来说3050显卡，只要不开画面全高效也能应对大部分游戏的需要了~ 高刷屏+全色域的屏幕质量也很好~今年最开心的花钱应该就是换笔记本了~
181,16409726224,2021-10-04 18:01:30,5,之前预热的时候就一直在关注，后面配置价格公布首发价6999元满血锐龙 r7 5800h＋rtx3060性价比可以说无敌了，首发随机放货蹲了几天终于抢到了，机器收到后检查了没有任何问题，用了几天感觉很不错机器性能释放完美，很满意的一次购物
182,15490416435,2021-04-02 13:51:16,5,家里的老古董笔记本电脑已经十年了，由于日常用手机多已经很少在家里用电脑，最近发现好多工作的事情要用电脑了，所以在小米官网看中此款电脑，突然京东推送发现是优惠价所以在再三对比其它款式中选了这款性价比高的入门级游戏本，也与其它品牌同配置做过对比，最后还是选择此型号，京东发货超快当天购买，次日早上到货，快递包装无损坏，Redmi G游戏本性能和按键很适合我个人使用，永远支持小米和Redmi！
183,16427277436,2021-10-07 16:13:49,5,"可能我是到的最晚的。。
10月7号才送到手上！这点京东快递要负责！
到手就迫不及待的开箱了，电脑本比想象的要重
不过键盘和外观是我喜欢的款。敲棒
运行全速模式的时候散热也非常给力
我也不太懂配置什么的，测分也就算了"
184,16382974815,2021-09-29 14:24:48,5,"包装保护：包装很好，泡沫很多，很满意！
外形外观：很炫酷的外观，很喜欢！
画面品质：很好！
跑分评测：游戏玩起来一点都卡！很开心"
185,16376161494,2021-09-28 12:05:00,5,"包装保护：还行，就包了一层薄薄的纸
外形外观：挺好看的，性价比超高
画面品质：显示效果可以，屏幕色彩鲜艳
跑分评测：鲁大师跑分100多万分，
运行速度：速度很快，各种网游完全没问题
游戏效果：游戏效果很好"
186,16361642153,2021-09-25 21:57:59,5,"包装保护：做得非常好，包装没有任何破损。开箱体验很好
外形外观：硬朗的A面 三级背光调节键盘 网上玩也不用担心看不清键盘
画面品质：1080p 144hz 支持两种帧率的调节 显示效果也很舒服
运行速度：可以看评测 75w的rtx3050 大部分3A都可以胜任
接口非常丰富&hellip&hellip100w的pd口十分好评
首发价5699太香了。无脑冲就完事了。
redmi yes！"
187,16382742743,2021-09-29 13:44:56,5,"哈哈，这是最美笔记本电脑红米A面，质感比我想的要好的多。快递?本来昨天就该送到了，快递车是翻沟里了吗，4个小时都不动位置。今天早上才到的。产品真的超级棒，下次还会买的，愿越做越好，非常好的购物体验。
待会再再下图吧，鲁大师，测试一下。"
188,16396660338,2021-10-01 22:38:22,5,"包装保护：有个大纸箱外包装，还是很好的
外形外观：箱子完美
画面品质：屏幕显示清晰，看着很舒服
运行速度：速度很快，反应很好"
189,16366718224,2021-09-26 18:35:14,5,23号有幸抢到了RedmiG，京东物流也是杠杠的，25号收到后直接真香定律，针不戳针不戳，也是第一次买游戏本，之前的电脑已经凉了。包装非常好，外形也很不错，运行速度、跑分杠杠的。游戏效果还没有试。
190,16371139204,2021-09-27 13:01:23,5,"包装保护：挺好的，有两层纸盒
外形外观：比预期好看，外面的机甲风格，没有想象中那么容易藏灰
画面品质：144刷新，可以的
跑分评测：鲁大师11万
总体来说，首发价还是不错的，性价比很高，值得入手，还有免费office 用，办公游戏都能满足。"
191,16384366758,2021-09-29 17:56:08,5,"三星的显存，三星的颗粒，英特尔的无线网卡，堪称完美，之前还因为塑料的材质有些担心，但到手手感很不错，这价格，还要啥自行车，A面的话并不是很好，如果该成类肤材质加小米logo，或者红米大魔王的logo就很好看了
包装保护：很到位
外形外观：不错
画面品质：画面品质：很好 
游戏效果：正在测试"
192,16393589155,2021-10-01 12:44:34,5,"笔记本外观好看，非常硬朗，画面的感觉简直太棒
??，运行速度很流畅，打游戏很满意 首发抢到特别划算"
193,16390891620,2021-10-01 02:00:57,5,本来看好了另一个品牌的产品，准备买的时候，看到了redmi g要发布新产品，让我期待满满，满血的3060，独显直连，高刷高色域，等等等等。。。最香的是6999的价格，在市场行情这样恶劣的情况下，还能推出这么低的价格，真的很不错，拿到手之前外观觉得有点丑，实际使用的时候的感觉好很多。总之这是一款综合性能很能打的机器，希望以后红米也能出更多的好产品，造福消费者。
194,16376295764,2021-09-28 12:39:33,5,"外形外观：整体非常和谐，没有其他游戏本那样特别突出
画面品质：屏幕色域很好，144hz显示屏带来电竞体验
运行速度：非常流畅，毫无丝毫卡顿"
195,16387018752,2021-09-30 10:39:16,5,笔记本非常好，外观非常好看，特别是A面，年底最佳，冲就完事了，满血3060显卡，80WH电池
196,16383045078,2021-09-29 14:35:46,5,6999的价格超值，配置都很不错，完全可以满足需求。做工还行，质感还行，已经足够了，这个价钱没必要那么苛责。买东西一定要认清自己需求，要玩顶级3A大作显然得加很多钱。办公+高画质LOL+中低画质大作，3060已然足够，更何况价格如此实惠。看详细数据可以看中正评测，没有致命缺点。
197,16608594465,2021-11-09 21:26:30,5,"挺好的，就是开机键很难受，在数字按键里。
包装保护：很棒，包装的很好
外形外观：很漂亮也很很合适在外面用
画面品质：画面不错，日常看不出来不好的
跑分评测：跑分很高，很不错"
198,16434731597,2021-10-08 23:59:15,5,"包装保护：还行吧反正纸很厚实。
外形外观：塑料质感。
游戏效果：热，很热，非常热。
总体来说算满意吧，毕竟大环境下这个价格能接受范围。"
199,16437353873,2021-10-09 14:41:46,5,"外形外观：新设计A面，个人感觉比之前的好看些，再简单些更好
塑料壳但是很重又是习武之人了
首发性价比很高5800+满血3060够战很久了"
